rank,head_noun,freq,cum_coverage_pct,in_item_master
1,양파,444,4.1,Y
2,마늘,365,7.4,Y
3,소금,294,10.1,Y
4,설탕,263,12.5,Y
5,당근,214,14.5,Y
6,참기름,178,16.1,Y
7,후춧가루,178,17.8,Y
8,식초,164,19.3,Y
9,대파,144,20.6,Y
10,달걀,141,21.9,Y
11,토마토,116,23.0,Y
12,간장,109,24.0,Y
13,저염간장,104,24.9,Y
14,두부,102,25.9,Y
15,홍고추,102,26.8,Y
16,밀가루,101,27.7,Y
17,식용유,100,28.6,Y
18,파프리카,98,29.5,Y
19,우유,96,30.4,Y
20,고춧가루,95,31.3,Y
21,표고버섯,91,32.1,Y
22,버터,90,33.0,Y
23,감자,87,33.8,Y
24,올리브유,85,34.5,Y
25,올리브오일,82,35.3,Y
26,통깨,81,36.0,Y
27,레몬즙,79,36.8,Y
28,오이,77,37.5,Y
29,무,76,38.2,Y
30,다진마늘,74,38.8,Y
31,생강,72,39.5,Y
32,생크림,72,40.2,Y
33,애호박,70,40.8,Y
34,꿀,67,41.4,Y
35,청양고추,65,42.0,Y
36,사과,64,42.6,Y
37,방울토마토,64,43.2,Y
38,깻잎,64,43.8,Y
39,다시마,63,44.4,Y
40,파,62,44.9,Y
41,미나리,59,45.5,Y
42,단호박,59,46.0,Y
43,레몬,59,46.6,Y
44,후추,59,47.1,Y
45,시금치,58,47.6,Y
46,배,57,48.2,Y
47,올리고당,56,48.7,Y
48,쌀,54,49.2,Y
49,새송이버섯,53,49.7,Y
50,가지,53,50.1,Y
51,새우,52,50.6,Y
52,청고추,50,51.1,Y
53,닭가슴살,50,51.5,Y
54,고추장,47,52.0,Y
55,부추,46,52.4,Y
56,밥,45,52.8,Y
57,찹쌀가루,44,53.2,Y
58,된장,43,53.6,Y
59,마요네즈,42,54.0,Y
60,양송이버섯,40,54.4,Y
61,소고기,40,54.7,Y
62,고구마,39,55.1,Y
63,전분,39,55.4,Y
64,대추,38,55.8,Y
65,느타리버섯,38,56.1,Y
66,흰후추,38,56.5,Y
67,브로콜리,37,56.8,Y
68,호두,36,57.2,Y
69,돼지고기,36,57.5,Y
70,참깨,36,57.8,Y
71,녹말가루,36,58.2,Y
72,팽이버섯,35,58.5,Y
73,빵가루,35,58.8,Y
74,맛술,34,59.1,Y
75,잣,32,59.4,Y
76,맛간장,32,59.7,Y
77,유자청,31,60.0,Y
78,마늘다진것,31,60.3,Y
79,쪽파,29,60.5,Y
80,매실액,29,60.8,Y
81,양배추,28,61.1,Y
82,카레가루,28,61.3,Y
83,땅콩,27,61.6,Y
84,양상추,26,61.8,Y
85,로즈마리,26,62.0,Y
86,청주,26,62.3,Y
87,치즈,26,62.5,Y
88,통후추,26,62.8,Y
89,오렌지,25,63.0,Y
90,숙주,25,63.2,Y
91,배추,25,63.4,Y
92,생강즙,25,63.7,Y
93,튀김기름,25,63.9,Y
94,바나나,25,64.1,Y
95,청피망,24,64.3,Y
96,고추,24,64.6,Y
97,오징어,24,64.8,Y
98,파슬리가루,24,65.0,Y
99,바질,23,65.2,Y
100,어린잎,23,65.4,Y
101,정종,23,65.6,Y
102,아스파라거스,23,65.9,Y
103,월계수잎,23,66.1,Y
104,물엿,22,66.3,Y
105,찹쌀,22,66.5,Y
106,파인애플,22,66.7,Y
107,요거트,22,66.9,Y
108,멸치,21,67.1,Y
109,흑임자,21,67.3,Y
110,풋고추,20,67.4,Y
111,연근,20,67.6,Y
112,들기름,20,67.8,Y
113,닭육수,20,68.0,Y
114,국간장,19,68.2,Y
115,청경채,19,68.3,Y
116,아몬드,19,68.5,Y
117,닭고기,19,68.7,Y
118,쑥갓,19,68.9,Y
119,생강청,19,69.0,Y
120,매실청,19,69.2,Y
121,발사믹식초,18,69.4,Y
122,비트,18,69.5,Y
123,들깻가루,18,69.7,Y
124,다진양파,18,69.9,Y
125,피망,18,70.0,Y
126,홍피망,18,70.2,Y
127,실파,18,70.4,Y
128,콩나물,17,70.5,Y
129,베이컨,17,70.7,Y
130,무순,17,70.8,Y
131,양송이,17,71.0,Y
132,현미,17,71.2,Y
133,브로컬리,17,71.3,Y
134,계란,17,71.5,Y
135,두유,16,71.6,Y
136,김,16,71.8,Y
137,깨소금,16,71.9,Y
138,저염된장,15,72.0,Y
139,건새우,15,72.2,Y
140,참나물,15,72.3,Y
141,주꾸미,15,72.5,Y
142,샐러리,15,72.6,Y
143,연어,15,72.7,Y
144,아보카도,15,72.9,Y
145,달걀흰자,15,73.0,Y
146,완두콩,15,73.1,Y
147,케첩,15,73.3,Y
148,강력분,15,73.4,Y
149,김치,14,73.6,Y
150,들깨가루,14,73.7,Y
151,쇠고기,14,73.8,Y
152,바지락,14,73.9,Y
153,함초소금,14,74.1,Y
154,우엉,14,74.2,Y
155,파마산치즈,14,74.3,Y
156,굴소스,14,74.5,Y
157,양파다진것,14,74.6,Y
158,화이트와인,13,74.7,Y
159,파슬리,13,74.8,Y
160,전복,13,74.9,Y
161,다진대파,13,75.1,Y
162,머스터드,12,75.2,Y
163,실곤약,12,75.3,Y
164,인삼,12,75.4,Y
165,마늘기름,12,75.5,Y
166,칵테일새우,12,75.6,Y
167,영양부추,12,75.7,Y
168,계피가루,12,75.8,Y
169,건다시마,12,75.9,Y
170,밤,12,76.0,Y
171,볶은소금,12,76.2,Y
172,마,12,76.3,Y
173,치커리,11,76.4,Y
174,플레인요거트,11,76.5,Y
175,연두부,11,76.6,Y
176,함초,11,76.7,Y
177,어간장,11,76.8,Y
178,라이스페이퍼,11,76.9,Y
179,라면,11,77.0,Y
180,떡볶이떡,11,77.1,Y
181,현미유,11,77.2,Y
182,물전분,11,77.3,Y
183,메추리알,10,77.4,Y
184,건포도,10,77.5,Y
185,곤약,10,77.6,Y
186,새우젓,10,77.6,Y
187,콩가루,10,77.7,Y
188,순두부,10,77.8,Y
189,강황가루,10,77.9,Y
190,닭고기살,10,78.0,Y
191,견과류,10,78.1,Y
192,오렌지주스,10,78.2,
193,관자,10,78.3,Y
194,검은깨,10,78.4,Y
195,알배추,10,78.5,Y
196,레몬주스,10,78.6,
197,블루베리,9,78.6,Y
198,검은콩,9,78.7,Y
199,녹말,9,78.8,Y
200,당면,9,78.9,Y
201,달걀노른자,9,79.0,Y
202,모짜렐라치즈,9,79.1,Y
203,스파게티,9,79.1,Y
204,국멸치,9,79.2,Y
205,어린잎채소,9,79.3,Y
206,홍합,9,79.4,Y
207,레드와인,9,79.5,Y
208,토마토소스,9,79.6,Y
209,새싹,9,79.6,Y
210,무염버터,9,79.7,Y
211,식빵,9,79.8,Y
212,키위,9,79.9,Y
213,오레가노,9,80.0,Y
214,사과식초,9,80.1,Y
215,건표고버섯,9,80.1,Y
216,이스트,9,80.2,Y
217,생강다진것,9,80.3,Y
218,적양배추,8,80.4,Y
219,백김치,8,80.4,Y
220,새싹채소,8,80.5,Y
221,요구르트,8,80.6,Y
222,튀김가루,8,80.7,Y
223,돼지등심,8,80.7,Y
224,고사리,8,80.8,Y
225,토마토케첩,8,80.9,Y
226,콩기름,8,81.0,Y
227,진간장,8,81.0,Y
228,적양파,7,81.1,Y
229,모시조개,7,81.2,Y
230,홍파프리카,7,81.2,Y
231,발사믹소스,7,81.3,Y
232,취나물,7,81.4,Y
233,삼겹살,7,81.4,Y
234,다진소고기,7,81.5,Y
235,통마늘,7,81.6,Y
236,양지,7,81.6,Y
237,가다랑어포,7,81.7,Y
238,노랑파프리카,7,81.7,Y
239,더덕,7,81.8,Y
240,크림치즈,7,81.9,Y
241,수삼,7,81.9,Y
242,새우살,7,82.0,Y
243,토마토페이스트,7,82.1,Y
244,피클,7,82.1,Y
245,깨,7,82.2,Y
246,고등어,7,82.3,Y
247,쌀가루,7,82.3,Y
248,포도주스,7,82.4,
249,파슬리다진것,7,82.5,Y
250,딸기,6,82.5,Y
251,떡,6,82.6,Y
252,겨자가루,6,82.6,Y
253,치즈가루,6,82.7,Y
254,누룽지,6,82.7,Y
255,와사비,6,82.8,Y
256,닭다리살,6,82.8,Y
257,고추기름,6,82.9,Y
258,케일,6,82.9,Y
259,연겨자,6,83.0,Y
260,감자전분,6,83.1,Y
261,미역,6,83.1,Y
262,판젤라틴,6,83.2,Y
263,칠리소스,6,83.2,Y
264,목이버섯,6,83.3,Y
265,캐슈넛,6,83.3,Y
266,미숫가루,6,83.4,Y
267,홍시,6,83.4,Y
268,적채,6,83.5,Y
269,낙지,6,83.6,Y
270,베이킹파우더,6,83.6,Y
271,달걀물,6,83.7,Y
272,호박씨,5,83.7,Y
273,황파프리카,5,83.8,Y
274,멥쌀,5,83.8,Y
275,건미역,5,83.8,Y
276,식용꽃,5,83.9,
277,메밀면,5,83.9,Y
278,배즙,5,84.0,Y
279,햄,5,84.0,Y
280,굴,5,84.1,Y
281,유부,5,84.1,Y
282,홀토마토,5,84.2,Y
283,쇠고기등심,5,84.2,Y
284,옥수수,5,84.3,Y
285,꽈리고추,5,84.3,Y
286,와인,5,84.4,Y
287,천일염,5,84.4,Y
288,청포묵,5,84.4,Y
289,콜라비,5,84.5,Y
290,오미자,5,84.5,Y
291,달래,5,84.6,Y
292,문어,5,84.6,Y
293,톳,5,84.7,Y
294,참치,5,84.7,Y
295,통삼겹,5,84.8,Y
296,체리,5,84.8,Y
297,꽃게,5,84.9,Y
298,날콩가루,5,84.9,Y
299,건고추,5,84.9,Y
300,귀리,5,85.0,Y
301,아몬드슬라이스,5,85.0,Y
302,백미,5,85.1,Y
303,소주,5,85.1,
304,황설탕,5,85.2,Y
305,은행,5,85.2,Y
306,팥,5,85.3,Y
307,등심,5,85.3,Y
308,땅콩버터,5,85.4,Y
309,모차렐라치즈,5,85.4,Y
310,알룰로스,5,85.5,Y
311,멸치액젓,5,85.5,Y
312,쇠고기다진것,5,85.5,Y
313,흰후춧가루,5,85.6,Y
314,파다진것,5,85.6,Y
315,상추,5,85.7,Y
316,당근다진것,5,85.7,Y
317,애느타리버섯,4,85.8,Y
318,크랜베리,4,85.8,
319,호박,4,85.8,
320,저염소금,4,85.9,Y
321,자색고구마,4,85.9,Y
322,배춧잎,4,85.9,
323,호박잎,4,86.0,
324,액젓,4,86.0,
325,레디쉬,4,86.1,
326,콩비지,4,86.1,
327,탄산수,4,86.1,
328,미니파프리카,4,86.2,
329,귀리밥,4,86.2,
330,삼치,4,86.2,
331,버섯마늘소금,4,86.3,
332,또띠아,4,86.3,
333,콜리플라워,4,86.4,
334,도라지,4,86.4,
335,저염버터,4,86.4,
336,바질가루,4,86.5,
337,저염치즈,4,86.5,
338,조개,4,86.5,
339,마늘오일,4,86.6,
340,코다리,4,86.6,
341,참외,4,86.6,Y
342,치자,4,86.7,
343,날치알,4,86.7,
344,두릅,4,86.8,
345,대하,4,86.8,
346,파프리카가루,4,86.8,
347,겨자,4,86.9,
348,다진청고추,4,86.9,
349,다진홍고추,4,86.9,
350,보리,4,87.0,
351,죽순,4,87.0,
352,황태,4,87.1,
353,장어,4,87.1,
354,청국장가루,4,87.1,
355,망고,4,87.2,
356,사워크림,4,87.2,
357,매생이,4,87.2,
358,쌀밥,4,87.3,
359,묵은지,4,87.3,
360,빨강파프리카,4,87.3,
361,호상요구르트,4,87.4,
362,닭,4,87.4,
363,잔멸치,4,87.5,
364,흑미,4,87.5,
365,다진것,4,87.5,
366,국물,4,87.6,
367,바질잎,4,87.6,
368,통밀가루,4,87.6,
369,박력분,4,87.7,
370,라임즙,4,87.7,
371,사과주스,4,87.7,
372,깐양파,4,87.8,
373,아몬드가루,4,87.8,
374,생강가루,4,87.9,
375,스테비아,4,87.9,
376,머스타드,4,87.9,
377,마늘가루,4,88.0,
378,양파즙,4,88.0,
379,청고추다진것,4,88.0,
380,래디쉬,4,88.1,
381,민트,4,88.1,
382,토마토콩카세,4,88.2,
383,식물성기름,4,88.2,
384,오이피클,3,88.2,
385,강낭콩,3,88.2,
386,해바라기씨,3,88.3,
387,만두피,3,88.3,
388,쌀뜨물,3,88.3,
389,소시지,3,88.4,
390,돌나물,3,88.4,
391,대구살,3,88.4,
392,잎,3,88.4,
393,껍질,3,88.5,
394,치자가루,3,88.5,
395,조랭이떡,3,88.5,
396,사골육수,3,88.5,
397,곤드레나물,3,88.6,
398,저염국간장,3,88.6,
399,백일송이,3,88.6,
400,전분가루,3,88.7,
401,해물육수,3,88.7,
402,광어,3,88.7,
403,새송이,3,88.7,
404,연유,3,88.8,
405,쌈장,3,88.8,
406,동태포,3,88.8,
407,스파게티면,3,88.9,
408,청국장,3,88.9,
409,정향,3,88.9,
410,흑설탕,3,88.9,
411,일본된장,3,89.0,
412,조,3,89.0,
413,홍초,3,89.0,
414,닭봉,3,89.0,
415,주키니호박,3,89.1,
416,달걀지단,3,89.1,
417,다시마물,3,89.1,
418,다진쇠고기,3,89.2,
419,다진파,3,89.2,
420,각각,3,89.2,
421,알마늘,3,89.2,
422,딸기잼,3,89.3,
423,백년초가루,3,89.3,
424,차돌박이,3,89.3,
425,오리고기,3,89.3,
426,바지락살,3,89.4,
427,볶은현미,3,89.4,
428,한천,3,89.4,
429,슬라이스햄,3,89.5,
430,애플민트,3,89.5,
431,곶감,3,89.5,
432,자몽,3,89.5,
433,까나리액젓,3,89.6,
434,사과즙,3,89.6,
435,검정깨,3,89.6,
436,가자미,3,89.7,
437,셀러리,3,89.7,Y
438,쑥가루,3,89.7,
439,베이비채소,3,89.7,
440,멜론,3,89.8,
441,다진생강,3,89.8,
442,다시마육수,3,89.8,
443,자두,3,89.8,
444,소라살,3,89.9,
445,저지방우유,3,89.9,
446,꼬치,3,89.9,
447,흰살생선,3,90.0,
448,라임주스,3,90.0,
449,피클링스파이스,3,90.0,
450,막걸리,3,90.0,
451,가쓰오부시,3,90.1,
452,버섯,3,90.1,Y
453,우리밀가루,3,90.1,
454,카스텔라,3,90.1,
455,젓갈,3,90.2,
456,건멸치,3,90.2,
457,레몬제스트,3,90.2,
458,블랙올리브,3,90.3,
459,쑥,3,90.3,
460,것,3,90.3,
461,어묵,3,90.3,Y
462,깐마늘,3,90.4,
463,대두유,3,90.4,
464,옥수수전분,3,90.4,
465,쌈두부,3,90.4,
466,미림,3,90.5,
467,페이스트,3,90.5,
468,밤고구마,3,90.5,
469,페퍼,3,90.6,
470,로메인,3,90.6,
471,로즈메리,3,90.6,
472,타임,3,90.6,
473,생표고버섯,3,90.7,
474,홍고추다진것,3,90.7,
475,표고버섯마른것,3,90.7,
476,청피망다진것,3,90.8,
477,캔참치,3,90.8,
478,도미살,3,90.8,
479,가루,3,90.8,
480,메밀가루,3,90.9,
481,차이브,3,90.9,
482,레드어니언,3,90.9,
483,치즈슬라이스,3,90.9,
484,파우더,3,91.0,
485,삼색파프리카,3,91.0,
486,컬리플라워,2,91.0,
487,소면,2,91.0,
488,가슴살,2,91.1,
489,우민찌,2,91.1,
490,부침가루,2,91.1,
491,청파프리카,2,91.1,
492,배추잎,2,91.1,
493,황태채,2,91.1,
494,해초,2,91.2,
495,산마,2,91.2,
496,밑동,2,91.2,
497,토란,2,91.2,
498,아욱,2,91.2,
499,다진돼지고기,2,91.3,
500,오이고추,2,91.3,
501,느타리,2,91.3,
502,코코넛밀크,2,91.3,
503,함초가루,2,91.3,
504,펜네,2,91.3,
505,쌈무,2,91.4,
506,닭뼈,2,91.4,
507,저염베이컨,2,91.4,
508,콩고기,2,91.4,
509,복분자,2,91.4,
510,휘핑크림,2,91.5,
511,두반장,2,91.5,
512,라면스프,2,91.5,
513,조기,2,91.5,
514,노란파프리카,2,91.5,
515,레몬소금,2,91.6,
516,감식초,2,91.6,
517,플레인요구르트,2,91.6,
518,백일송이버섯,2,91.6,
519,생선살,2,91.6,
520,현미쌀,2,91.6,
521,생김,2,91.7,
522,시래기,2,91.7,
523,깻잎장아찌,2,91.7,
524,몸통,2,91.7,
525,맥주,2,91.7,
526,오트밀,2,91.8,
527,열무김치,2,91.8,
528,어린이치즈,2,91.8,
529,호박가루,2,91.8,
530,보리쌀,2,91.8,
531,블루베리잼,2,91.8,
532,가래떡,2,91.9,
533,크렌베리,2,91.9,
534,기름,2,91.9,
535,고추냉이,2,91.9,
536,당귀잎,2,91.9,
537,게맛살,2,92.0,
538,뽕잎가루,2,92.0,
539,피스타치오,2,92.0,
540,라즈베리,2,92.0,
541,망고퓨레,2,92.0,
542,소라,2,92.0,
543,계피,2,92.1,Y
544,요리술,2,92.1,
545,요리당,2,92.1,
546,꼬막,2,92.1,
547,마늘종,2,92.1,
548,아귀,2,92.2,
549,녹말물,2,92.2,
550,북어,2,92.2,
551,갈비,2,92.2,
552,무말랭이,2,92.2,
553,카놀라유,2,92.2,
554,도토리묵,2,92.3,
555,미소된장,2,92.3,
556,멸치육수,2,92.3,
557,배추김치,2,92.3,
558,젤라틴,2,92.3,
559,조청,2,92.4,
560,허브소금,2,92.4,
561,녹차가루,2,92.4,
562,라임,2,92.4,
563,소불고기,2,92.4,
564,야채육수,2,92.5,
565,자숙새우,2,92.5,
566,멕시코고추,2,92.5,
567,검은콩두유,2,92.5,
568,등갈비,2,92.5,
569,수수,2,92.5,
570,크림소스,2,92.6,
571,파스타,2,92.6,
572,쥬키니호박,2,92.6,
573,건조미역줄기,2,92.6,
574,불린쌀,2,92.6,
575,치킨육수,2,92.7,
576,푸실리,2,92.7,
577,비름나물,2,92.7,
578,포도씨유,2,92.7,
579,근대,2,92.7,
580,다시마국물,2,92.7,
581,곁들이채소,2,92.8,
582,사방,2,92.8,
583,돼지갈비,2,92.8,
584,골뱅이,2,92.8,
585,가자미살,2,92.8,
586,율무,2,92.9,
587,갈치,2,92.9,
588,레몬껍질,2,92.9,
589,백후추,2,92.9,
590,드라이이스트,2,92.9,
591,건크랜베리,2,92.9,
592,크기,2,93.0,
593,두부면,2,93.0,
594,슬라이스,2,93.0,
595,적파프리카,2,93.0,
596,크래미,2,93.0,
597,현미찹쌀,2,93.1,
598,주황파프리카,2,93.1,
599,파래김,2,93.1,
600,미향,2,93.1,
601,조선무,2,93.1,
602,깐대파,2,93.1,
603,코코아가루①,2,93.2,
604,코코아가루②,2,93.2,
605,사이다,2,93.2,
606,현미밥,2,93.2,
607,그릭요거트,2,93.2,
608,닭안심살,2,93.3,
609,건면,2,93.3,
610,다시멸치,2,93.3,
611,건목이버섯,2,93.3,
612,잡곡,2,93.3,
613,청홍고추,2,93.4,
614,깐밤,2,93.4,
615,깐생강,2,93.4,
616,게살,2,93.4,
617,수박,2,93.4,
618,닭다릿살,2,93.4,
619,커민,2,93.5,
620,북어채,2,93.5,
621,순무,2,93.5,
622,포도,2,93.5,Y
623,잣가루,2,93.5,
624,오레가노마른것,2,93.6,
625,마른것,2,93.6,
626,바질마른것,2,93.6,
627,씨드,2,93.6,
628,도미,2,93.6,
629,패주,2,93.6,
630,깐연근,2,93.7,
631,스리라차소스,2,93.7,
632,오레가노가루,2,93.7,
633,미역마른것,2,93.7,
634,쌈다시마,2,93.7,
635,바질다진것,2,93.8,
636,조미술,2,93.8,
637,할라피뇨,2,93.8,
638,식혜,2,93.8,
639,천도복숭아,2,93.8,
640,홍피망다진것,2,93.8,
641,춘권피,2,93.9,
642,타임다진것,2,93.9,
643,분쇄육,2,93.9,
644,샐러리다진것,2,93.9,
645,캔옥수수,2,93.9,
646,코코넛우유,2,94.0,
647,쇠고기갈은것,2,94.0,
648,워터크레스,2,94.0,
649,레몬주수,2,94.0,
650,레드와인식초,2,94.0,
651,병아리콩,2,94.0,
652,노른자,2,94.1,
653,바게트,2,94.1,
654,들깨,2,94.1,
655,돼지고기다진것,2,94.1,
656,돼지고기살코기,2,94.1,
657,채친것,2,94.2,
658,포항초,2,94.2,
659,삶은달걀,2,94.2,
660,돼지호박,2,94.2,
661,중력분,2,94.2,
662,서리태,2,94.3,
663,생모짜렐라치즈,2,94.3,
664,파인애플주스,2,94.3,
665,채,1,94.3,
666,발사믹크레마,1,94.3,
667,석류,1,94.3,
668,노루궁뎅이버섯,1,94.3,
669,냉이,1,94.3,
670,실고추,1,94.3,
671,마일드,1,94.4,
672,오렌지즙,1,94.4,
673,미니새송이버섯,1,94.4,
674,석류즙,1,94.4,
675,새우젓국,1,94.4,
676,황금팽이버섯,1,94.4,
677,저염살라미,1,94.4,
678,우렁이,1,94.4,
679,가시오가피,1,94.4,
680,돈나물,1,94.4,
681,당귀,1,94.4,
682,오가피,1,94.5,
683,쌀겨,1,94.5,
684,백합,1,94.5,
685,먹물파스타,1,94.5,
686,물김치국물,1,94.5,
687,후르츠칵테일,1,94.5,
688,건바질,1,94.5,
689,홀그레인머스터,1,94.5,
690,우둔살,1,94.5,
691,소고기우둔살,1,94.5,
692,커피,1,94.5,
693,다진쪽파,1,94.6,
694,하얀된장,1,94.6,
695,백년초국수,1,94.6,
696,뽕잎국수,1,94.6,
697,치자국수,1,94.6,
698,통삼겹살,1,94.6,
699,통오징어,1,94.6,
700,오곡,1,94.6,
701,디종머스터드,1,94.6,
702,무화과,1,94.6,
703,고수,1,94.6,
704,찬밥,1,94.7,
705,민어,1,94.7,
706,새우가루,1,94.7,
707,수박껍질,1,94.7,
708,퀴노아,1,94.7,
709,리코타치즈,1,94.7,
710,신선초,1,94.7,
711,적겨자,1,94.7,
712,쌀파스타면,1,94.7,
713,황태포,1,94.7,
714,이태리시즈닝,1,94.7,
715,비타민,1,94.8,
716,허브크러스트,1,94.8,
717,돼지머리,1,94.8,
718,우동면,1,94.8,
719,통조림,1,94.8,
720,빨간파프리카,1,94.8,
721,간편어간장,1,94.8,
722,땅콩잼,1,94.8,
723,풋사과,1,94.8,
724,논우렁,1,94.8,
725,미니버섯,1,94.8,
726,화이트크림,1,94.9,
727,옥수수콘,1,94.9,
728,귤병,1,94.9,
729,포카치아빵,1,94.9,
730,무장아찌,1,94.9,
731,생치즈,1,94.9,
732,루꼴라,1,94.9,
733,생청국장,1,94.9,
734,찹쌀현미밥,1,94.9,
735,봄동,1,94.9,
736,다리,1,94.9,
737,꼬막살,1,95.0,
738,머스터드소스,1,95.0,
739,데리야키소스,1,95.0,
740,양념족발,1,95.0,
741,천연다시다,1,95.0,
742,참께,1,95.0,
743,표고,1,95.0,
744,파스타면,1,95.0,
745,생들기름,1,95.0,
746,찜갈비,1,95.0,
747,마른미역줄기,1,95.1,
748,건곤드레,1,95.1,
749,건조미역,1,95.1,
750,쇠고기구이용,1,95.1,
751,노란색파프리카,1,95.1,
752,허브식초,1,95.1,
753,크린베리,1,95.1,
754,채끝살,1,95.1,
755,나무막대기,1,95.1,
756,소등심,1,95.1,
757,라이스페퍼,1,95.1,
758,시금치가루,1,95.2,
759,파스리가루,1,95.2,
760,토마토페스트,1,95.2,
761,빠금장,1,95.2,
762,저염진간장,1,95.2,
763,가다랑어장국,1,95.2,
764,닭다리,1,95.2,
765,붉은피망,1,95.2,
766,대파뿌리,1,95.2,
767,냉동고등어,1,95.2,
768,볶은율무,1,95.2,
769,볶은수수,1,95.3,
770,혼합견과,1,95.3,
771,절임물,1,95.3,
772,파마산가루,1,95.3,
773,마늘칩,1,95.3,
774,흰앙금,1,95.3,
775,팽이,1,95.3,
776,증편,1,95.3,
777,노랑,1,95.3,
778,미니새송이,1,95.3,
779,마른고추,1,95.3,
780,초콜릿,1,95.4,
781,헤이즐넛,1,95.4,
782,통조림콩,1,95.4,
783,줄기토마토,1,95.4,
784,원액,1,95.4,
785,레시틴가루,1,95.4,
786,레드치커리,1,95.4,
787,보라로즈케일,1,95.4,
788,흰로즈케일,1,95.4,
789,오미자물,1,95.4,
790,일식된장,1,95.4,
791,치킨스톡,1,95.5,
792,밀크,1,95.5,
793,사믹식초,1,95.5,
794,멸치다시마육수,1,95.5,
795,대구,1,95.5,
796,쇠고기육수,1,95.5,
797,땅콩가루,1,95.5,
798,단배추,1,95.5,
799,표고버섯가루,1,95.5,
800,검은콩두부,1,95.5,
801,얼갈이배추,1,95.5,
802,보리새우,1,95.6,
803,메밀묵,1,95.6,
804,미니양배추,1,95.6,
805,래디시,1,95.6,
806,우삼겹,1,95.6,
807,녹차소금,1,95.6,
808,고구마순,1,95.6,
809,우렁,1,95.6,
810,밴댕이,1,95.6,
811,슬라이스연어,1,95.6,
812,매실원액,1,95.6,
813,석박지,1,95.7,
814,세발나물,1,95.7,
815,곤약국수,1,95.7,
816,그라놀라,1,95.7,
817,찰보리,1,95.7,
818,건조토마토,1,95.7,
819,천연조미료,1,95.7,
820,보리된장,1,95.7,
821,겨자분말,1,95.7,
822,실치,1,95.7,
823,귤,1,95.7,
824,자청,1,95.8,
825,바나나식초,1,95.8,
826,꽁치살,1,95.8,
827,발효겨자,1,95.8,
828,명태,1,95.8,
829,건조체리,1,95.8,
830,바케트,1,95.8,
831,아기치즈,1,95.8,
832,마늘튀김,1,95.8,
833,홀그레인머스터드,1,95.8,
834,어린채소,1,95.8,
835,동치미,1,95.9,
836,국수,1,95.9,
837,어린싹,1,95.9,
838,먹물,1,95.9,
839,만송이버섯,1,95.9,
840,옥수수알,1,95.9,
841,완두콩알,1,95.9,
842,홍합살,1,95.9,
843,김장김치,1,95.9,
844,새우젓국물,1,95.9,
845,물파래,1,96.0,
846,노란콩,1,96.0,
847,통생강,1,96.0,
848,씨겨자,1,96.0,
849,울금가루,1,96.0,
850,혼합견과류,1,96.0,
851,루콜라,1,96.0,
852,덧밀가루,1,96.0,
853,미더덕,1,96.0,
854,양지육,1,96.0,
855,칵텔새우,1,96.0,
856,커리가루,1,96.1,
857,쌈채,1,96.1,
858,맛소금,1,96.1,
859,통계피,1,96.1,
860,머윗대,1,96.1,
861,건청양고추,1,96.1,
862,건당면,1,96.1,
863,노두유,1,96.1,
864,목심,1,96.1,
865,병어,1,96.1,
866,머위대,1,96.1,
867,속껍질,1,96.2,
868,때,1,96.2,
869,우무묵,1,96.2,
870,얼린포도알,1,96.2,
871,오미자액,1,96.2,
872,깐호두,1,96.2,
873,전복살,1,96.2,
874,건로즈마리,1,96.2,
875,자른미역,1,96.2,
876,오미자청,1,96.2,
877,훈제연어,1,96.2,
878,주스,1,96.3,
879,물녹말,1,96.3,
880,스위트칠리,1,96.3,
881,으깬두부,1,96.3,
882,페스트,1,96.3,
883,돈가스소스,1,96.3,
884,편마늘,1,96.3,
885,동치미국물,1,96.3,
886,황도,1,96.3,
887,고추피클,1,96.3,
888,석류주스,1,96.3,
889,엿기름,1,96.4,
890,백년초,1,96.4,
891,다슬기살,1,96.4,
892,참다래,1,96.4,
893,크래커,1,96.4,
894,단호박가루,1,96.4,
895,무청,1,96.4,
896,소고기등심,1,96.4,
897,조개살,1,96.4,
898,우동,1,96.4,
899,가쯔오부시,1,96.4,
900,돼지목살,1,96.5,
901,미니단호박,1,96.5,
902,L.A갈비,1,96.5,
903,닭살,1,96.5,
904,강황쌀,1,96.5,
905,미소,1,96.5,
906,브유,1,96.5,
907,건도토리묵,1,96.5,
908,돼지고기사태,1,96.5,
909,명이김치,1,96.5,
910,안심,1,96.5,
911,포도주,1,96.6,
912,토마토홀,1,96.6,
913,쪽갈비,1,96.6,
914,머스터즈,1,96.6,
915,청경재,1,96.6,
916,채소국물,1,96.6,
917,멸치간장,1,96.6,
918,바질페이소스,1,96.6,
919,드라이토마토,1,96.6,
920,명란젓,1,96.6,
921,흰추후,1,96.6,
922,돼기고기,1,96.7,
923,홀스레디쉬,1,96.7,
924,야채국물,1,96.7,
925,잎녹차,1,96.7,
926,수제조미료,1,96.7,
927,닭날개,1,96.7,
928,건대추,1,96.7,
929,마카다미아,1,96.7,
930,흑마늘진액,1,96.7,
931,비트가루,1,96.7,
932,발효종,1,96.7,
933,그린치커리,1,96.8,
934,라디치오,1,96.8,
935,전립분,1,96.8,
936,호밀가루,1,96.8,
937,검은콩가루,1,96.8,
938,줄기,1,96.8,
939,과일,1,96.8,
940,시럽,1,96.8,
941,스트링치즈,1,96.8,
942,체더치즈,1,96.8,
943,청상추,1,96.9,
944,사과종,1,96.9,
945,깐들깨가루,1,96.9,
946,통배추,1,96.9,
947,크루통,1,96.9,
948,아삭이고추,1,96.9,
949,페페론치노,1,96.9,
950,떡볶이양념파우더,1,96.9,
951,족발,1,96.9,
952,과육,1,96.9,
953,락교,1,96.9,
954,두절콩나물,1,97.0,
955,새뱅이,1,97.0,
956,황태머리,1,97.0,
957,매실엑기스,1,97.0,
958,오일,1,97.0,
959,우목심,1,97.0,
960,다시팩,1,97.0,
961,바질럽드,1,97.0,
962,바질페스토,1,97.0,
963,쌈추,1,97.0,
964,적근대,1,97.0,
965,홀,1,97.1,
966,알룰로스①,1,97.1,
967,알룰로스②,1,97.1,
968,두유①,1,97.1,
969,두유②,1,97.1,
970,발효원종,1,97.1,
971,코코넛워터,1,97.1,
972,그라나파다노치즈,1,97.1,
973,플레이크,1,97.1,
974,탈리아텔레,1,97.1,
975,다짐육,1,97.1,
976,후추가루,1,97.2,
977,건로즈메리,1,97.2,
978,대패삼겹살,1,97.2,
979,치아바타,1,97.2,
980,건두부,1,97.2,
981,라임청,1,97.2,
982,면,1,97.2,
983,크레미,1,97.2,
984,콩국물,1,97.2,
985,딜,1,97.2,
986,콩,1,97.2,
987,그린빈스,1,97.3,
988,무우,1,97.3,
989,"""배추",1,97.3,
990,대추슬라이스,1,97.3,
991,굵은소금,1,97.3,
992,크래비,1,97.3,
993,블랙,1,97.3,
994,파르메산치즈,1,97.3,
995,요플레,1,97.3,
996,방아잎,1,97.3,
997,시즈닝,1,97.3,
998,머리,1,97.4,
999,l고추장,1,97.4,
1000,부챗살,1,97.4,
1001,전복내장,1,97.4,
1002,버섯가루,1,97.4,
1003,파프리카파우더,1,97.4,
1004,명태포,1,97.4,
1005,튀김,1,97.4,
1006,감자튀김,1,97.4,
1007,백목이버섯,1,97.4,
1008,부침두부,1,97.4,
1009,다리살,1,97.5,
1010,미니사과,1,97.5,
1011,디포리,1,97.5,
1012,사태,1,97.5,
1013,구기자,1,97.5,
1014,오미자엑기스,1,97.5,
1015,오리,1,97.5,
1016,겨잣가루,1,97.5,
1017,홍토마토,1,97.5,
1018,닭고기가슴살,1,97.5,
1019,홍고추마른것,1,97.5,
1020,와사미,1,97.6,
1021,알감자,1,97.6,
1022,케찹,1,97.6,
1023,돈민찌,1,97.6,
1024,누룩소금,1,97.6,
1025,생새우,1,97.6,
1026,가람마살라,1,97.6,
1027,코리앤더파우더,1,97.6,
1028,커민파우더,1,97.6,
1029,흰다리새우,1,97.6,
1030,돼지감자가루,1,97.6,
1031,현미쌀가루,1,97.7,
1032,치맛살,1,97.7,
1033,반죽용,1,97.7,
1034,양념장용,1,97.7,
1035,소금①,1,97.7,
1036,분태,1,97.7,
1037,소금②,1,97.7,
1038,키엔페퍼,1,97.7,
1039,양파가루,1,97.7,
1040,로즈마리마른것,1,97.7,
1041,실파다진것,1,97.8,
1042,흰목이버섯,1,97.8,
1043,쭈꾸미,1,97.8,
1044,생면,1,97.8,
1045,매운고춧가루,1,97.8,
1046,올리브,1,97.8,
1047,케이퍼,1,97.8,
1048,샐러리잎,1,97.8,
1049,백만송이버섯,1,97.8,
1050,볶은통깨,1,97.8,
1051,피넷버터,1,97.8,
1052,우둔,1,97.9,
1053,전지,1,97.9,
1054,해조국수,1,97.9,
1055,강황,1,97.9,Y
1056,코리앤더가루,1,97.9,
1057,감태,1,97.9,
1058,만가닥버섯,1,97.9,
1059,파인애플청,1,97.9,
1060,금태,1,97.9,
1061,꽁치,1,97.9,
1062,멸치중간것,1,97.9,
1063,마늘즙,1,98.0,
1064,연두부큰것,1,98.0,
1065,불린미역,1,98.0,
1066,물오징어,1,98.0,
1067,조갯살,1,98.0,
1068,훈재연어,1,98.0,
1069,갑오징어,1,98.0,
1070,백새우,1,98.0,
1071,찰깨빵,1,98.0,
1072,필레,1,98.0,
1073,스리라차,1,98.0,
1074,아보카도작은것,1,98.1,
1075,게살냉동,1,98.1,
1076,올리브유엑스트라버전,1,98.1,
1077,자몽주수,1,98.1,
1078,귤통조림,1,98.1,
1079,파인애플통조림,1,98.1,
1080,복숭아,1,98.1,
1081,설탕시럽,1,98.1,
1082,산딸기,1,98.1,
1083,사과작은것,1,98.1,
1084,실파송송썬것,1,98.1,
1085,불고기용,1,98.2,
1086,알토란,1,98.2,
1087,깻잎순,1,98.2,
1088,판곤약,1,98.2,
1089,대왕오징어채,1,98.2,
1090,양조식초,1,98.2,
1091,백후춧가루,1,98.2,
1092,잡곡밥,1,98.2,
1093,열무,1,98.2,
1094,설탕①,1,98.2,
1095,슈가파우더,1,98.2,
1096,설탕②,1,98.3,
1097,좁쌀,1,98.3,
1098,돼지고기목살,1,98.3,
1099,땅콩기름,1,98.3,
1100,브로컬리다진것,1,98.3,
1101,돼지고기갈은것,1,98.3,
1102,버거빵,1,98.3,
1103,옥수수가루플렌타가루,1,98.3,
1104,햄다진것,1,98.3,
1105,참치살,1,98.3,
1106,마른미역,1,98.3,
1107,삶은것,1,98.4,
1108,슬라이스치즈,1,98.4,
1109,바케트빵,1,98.4,
1110,발사믹크림,1,98.4,
1111,단감,1,98.4,
1112,티백,1,98.4,
1113,파채,1,98.4,
1114,양파채썬것,1,98.4,
1115,당근채썬것,1,98.4,
1116,펜넬파스타,1,98.4,
1117,살,1,98.4,
1118,당면불린것,1,98.5,
1119,알파벳파스타,1,98.5,
1120,찰어묵,1,98.5,
1121,까망베르치즈,1,98.5,
1122,보쌈용,1,98.5,
1123,건취나물,1,98.5,
1124,곤약쌀,1,98.5,
1125,토르티야,1,98.5,
1126,살사소스,1,98.5,
1127,돼지목살다진것,1,98.5,
1128,생밤,1,98.5,
1129,밀가루박력분,1,98.6,
1130,백련초가루,1,98.6,
1131,아이스크림,1,98.6,
1132,냉동홍시,1,98.6,
1133,피자치즈,1,98.6,
1134,단호박작은것,1,98.6,
1135,잔새우살다진것,1,98.6,
1136,쌀국수가는것,1,98.6,
1137,밀가루중력분,1,98.6,
1138,따뜻한물,1,98.6,
1139,정육,1,98.7,
1140,돈등심,1,98.7,
1141,데치는용,1,98.7,
1142,다시마가루,1,98.7,
1143,매실식초,1,98.7,
1144,에센스,1,98.7,
1145,쇠고기샄코기,1,98.7,
1146,통후추부순것,1,98.7,
1147,물밤다진것,1,98.7,
1148,리치캔,1,98.7,
1149,새우다진것,1,98.7,
1150,생선육수,1,98.8,
1151,바비큐용,1,98.8,
1152,데미글라스,1,98.8,
1153,우스터소스,1,98.8,
1154,즙,1,98.8,
1155,혼다랑어가쓰오부시,1,98.8,
1156,레몬쥬스,1,98.8,
1157,딸기쨈,1,98.8,
1158,감귤,1,98.8,Y
1159,생이스트,1,98.8,
1160,T,1,98.8,
1161,C,1,98.9,
1162,분유,1,98.9,
1163,분말,1,98.9,
1164,골드,1,98.9,
1165,페스토,1,98.9,
1166,다이스,1,98.9,
1167,애플민트잎,1,98.9,
1168,쇠고기사태,1,98.9,
1169,속양파다진것,1,98.9,
1170,낫토,1,98.9,
1171,시래기불린것,1,98.9,
1172,새우살다진것,1,99.0,
1173,새송이벗서,1,99.0,
1174,그린비타민,1,99.0,
1175,훈제오리가슴살,1,99.0,
1176,가루녹차,1,99.0,
1177,대파채친것,1,99.0,
1178,양파채친것,1,99.0,
1179,피망채친것,1,99.0,
1180,브러컬리,1,99.0,
1181,홀그레인,1,99.0,
1182,로메인상추,1,99.0,
1183,빨간색/노란색,1,99.1,
1184,건함초,1,99.1,
1185,수란,1,99.1,
1186,김가루,1,99.1,
1187,팔각,1,99.1,
1188,병아리콩①,1,99.1,
1189,코코넛오일,1,99.1,
1190,유자필,1,99.1,
1191,감태가루,1,99.1,
1192,유자앙금,1,99.1,
1193,병아리콩②,1,99.1,
1194,검은콩튀밥,1,99.2,
1195,쌀튀밥,1,99.2,
1196,메닐튀밥,1,99.2,
1197,현미가루,1,99.2,
1198,흰깨,1,99.2,
1199,참마,1,99.2,
1200,슬라이스아몬드,1,99.2,
1201,건타임,1,99.2,
1202,칼국수면,1,99.2,
1203,피칸,1,99.2,
1204,클로렐라가루,1,99.2,
1205,아몬드우유,1,99.3,
1206,대추채,1,99.3,
1207,카카오닙스,1,99.3,
1208,카카오매스,1,99.3,
1209,다크초콜릿,1,99.3,
1210,허니머스터드소스,1,99.3,
1211,과메기,1,99.3,
1212,매실장아찌,1,99.3,
1213,줄기부분,1,99.3,
1214,모짜렐라,1,99.3,
1215,부위,1,99.3,
1216,깍두기,1,99.4,
1217,돼지등갈비,1,99.4,
1218,적포도주,1,99.4,
1219,오곡밥,1,99.4,
1220,누룽지가루,1,99.4,
1221,고추가루,1,99.4,
1222,건홍고추,1,99.4,
1223,맛살,1,99.4,
1224,느타리벗서,1,99.4,
1225,생선,1,99.4,
1226,쇠고기살코기,1,99.4,
1227,통아몬드,1,99.5,
1228,할라피뇨다진것,1,99.5,
1229,오릴브오일,1,99.5,
1230,물미역,1,99.5,
1231,생것,1,99.5,
1232,멍게살,1,99.5,
1233,키조개관자,1,99.5,
1234,곰피,1,99.5,
1235,피쉬소스,1,99.5,
1236,민들레,1,99.5,
1237,참취,1,99.6,
1238,거피들깨가루,1,99.6,
1239,풋마늘,1,99.6,
1240,건오징어,1,99.6,
1241,절편,1,99.6,
1242,거피녹두,1,99.6,
1243,진달래꽃,1,99.6,
1244,쇠고기안심,1,99.6,
1245,상추/로메인,1,99.6,
1246,앤쵸비,1,99.6,
1247,오레가노다진것,1,99.6,
1248,당근주스,1,99.7,
1249,타바스코,1,99.7,
1250,낙지다리,1,99.7,
1251,다진당근,1,99.7,
1252,다진애호박,1,99.7,
1253,붉은고추,1,99.7,
1254,머스터드조스,1,99.7,
1255,영콘,1,99.7,
1256,호이트와인,1,99.7,
1257,쳥양고추,1,99.7,
1258,불린것,1,99.7,
1259,카스텔라가루,1,99.8,
1260,쌀떡,1,99.8,
1261,현미휴,1,99.8,
1262,대추고,1,99.8,
1263,곤약미,1,99.8,
1264,크림,1,99.8,
1265,체리토마토,1,99.8,
1266,앤다이브,1,99.8,
1267,청고주,1,99.8,
1268,사과쥬스,1,99.8,
1269,청포도,1,99.8,
1270,두부작은것,1,99.9,
1271,월계수잎마른것,1,99.9,
1272,타임마른것,1,99.9,
1273,카엔페퍼,1,99.9,
1274,에벤탈치즈,1,99.9,
1275,로즈마리다진것,1,99.9,
1276,레몬그라스,1,99.9,
1277,파마산치즈가루,1,99.9,
1278,현미튀밥,1,99.9,
1279,쌀국수,1,99.9,
1280,얼음,1,99.9,
1281,당근갈은것,1,100.0,
1282,돼지호박갈은것,1,100.0,
1283,셀러리다진것,1,100.0,
1284,메이플시럽,1,100.0,
1285,물미지근한것,1,100.0,
1286,죽순통조림,1,100.0,
